pickup_node_id,delivery_node_id,pickup_timestamp,delivery_timestamp
2852,2238,2016-05-19 23:04:00,2016-05-20 11:04:00
2324,3505,2016-01-09 05:46:00,2016-01-09 17:46:00
257,274,2016-03-16 14:58:00,2016-03-17 02:58:00
3605,2062,2016-01-17 01:49:00,2016-01-17 13:49:00
1131,3013,2016-03-10 20:28:00,2016-03-11 08:28:00
2153,3605,2016-04-17 12:45:00,2016-04-18 00:45:00
2881,2655,2016-01-18 04:55:00,2016-01-18 16:55:00
1131,1029,2016-02-09 21:44:00,2016-02-10 09:44:00
1083,1525,2016-01-14 06:25:00,2016-01-14 18:25:00
448,4067,2016-05-05 20:32:00,2016-05-06 08:32:00
3649,2145,2016-02-23 12:55:00,2016-02-24 00:55:00
2153,481,2016-05-04 18:23:00,2016-05-05 06:23:00
1704,3898,2016-02-27 08:45:00,2016-02-27 20:45:00
4573,2544,2016-01-17 09:52:00,2016-01-17 21:52:00
3605,3505,2016-05-01 12:27:00,2016-05-02 00:27:00
3898,1820,2016-02-20 21:14:00,2016-02-21 09:14:00
2058,2671,2016-01-21 22:14:00,2016-01-22 10:14:00
2671,3354,2016-04-04 00:33:00,2016-04-04 12:33:00
3253,274,2016-03-11 15:58:00,2016-03-12 03:58:00
2657,4471,2016-01-19 10:15:00,2016-01-19 22:15:00
3748,678,2016-05-09 00:33:00,2016-05-09 12:33:00
89,274,2016-03-23 08:11:00,2016-03-23 20:11:00
448,3349,2016-03-08 21:00:00,2016-03-09 09:00:00
678,3359,2016-03-12 17:09:00,2016-03-13 05:09:00
3612,2655,2016-05-21 18:55:00,2016-05-22 06:55:00
274,3359,2016-05-25 13:01:00,2016-05-26 01:01:00
2324,3138,2016-01-04 00:48:00,2016-01-04 12:48:00
4067,3370,2016-05-04 12:04:00,2016-05-05 00:04:00
715,4067,2016-04-08 20:46:00,2016-04-09 08:46:00
2881,2533,2016-02-18 13:50:00,2016-02-19 01:50:00
2238,1383,2016-03-19 23:24:00,2016-03-20 11:24:00
274,2657,2016-04-12 02:45:00,2016-04-12 14:45:00
2671,4067,2016-03-02 09:49:00,2016-03-02 21:49:00
2324,2533,2016-04-03 03:39:00,2016-04-03 15:39:00
2153,702,2016-01-01 16:56:00,2016-01-02 04:56:00
448,3349,2016-02-10 03:18:00,2016-02-10 15:18:00
1383,2877,2016-04-15 16:26:00,2016-04-16 04:26:00
1029,3834,2016-02-01 03:39:00,2016-02-01 15:39:00
3349,481,2016-03-18 15:11:00,2016-03-19 03:11:00
3471,2062,2016-03-04 23:25:00,2016-03-05 11:25:00
89,2343,2016-01-22 02:12:00,2016-01-22 14:12:00
1383,274,2016-05-03 18:22:00,2016-05-04 06:22:00
3354,3748,2016-05-10 23:35:00,2016-05-11 11:35:00
3921,4063,2016-04-07 08:30:00,2016-04-07 20:30:00
2324,3370,2016-05-24 10:09:00,2016-05-24 22:09:00
3354,1034,2016-03-14 02:11:00,2016-03-14 14:11:00
527,3612,2016-02-08 15:32:00,2016-02-09 03:32:00
2343,3748,2016-02-27 07:07:00,2016-02-27 19:07:00
3349,1704,2016-02-11 15:34:00,2016-02-12 03:34:00
3612,2427,2016-02-27 22:53:00,2016-02-28 10:53:00
84,3612,2016-04-14 02:49:00,2016-04-14 14:49:00
1131,2343,2016-01-15 08:49:00,2016-01-15 20:49:00
1131,4067,2016-03-11 12:18:00,2016-03-12 00:18:00
1034,4063,2016-01-03 10:33:00,2016-01-03 22:33:00
2655,3605,2016-01-21 14:40:00,2016-01-22 02:40:00
1525,2657,2016-02-25 19:42:00,2016-02-26 07:42:00
1061,1083,2016-03-24 10:35:00,2016-03-24 22:35:00
2459,678,2016-02-26 11:31:00,2016-02-26 23:31:00
715,3834,2016-01-01 19:48:00,2016-01-02 07:48:00
1525,1820,2016-01-25 06:01:00,2016-01-25 18:01:00
1820,3618,2016-03-18 11:17:00,2016-03-18 23:17:00
3748,3354,2016-05-27 23:21:00,2016-05-28 11:21:00
2389,1704,2016-01-04 06:43:00,2016-01-04 18:43:00
3834,678,2016-01-18 18:06:00,2016-01-19 06:06:00
3349,1029,2016-01-01 05:36:00,2016-01-01 17:36:00
2655,2343,2016-02-08 15:34:00,2016-02-09 03:34:00
1131,1820,2016-03-17 17:35:00,2016-03-18 05:35:00
2324,323,2016-05-03 11:53:00,2016-05-03 23:53:00
2657,3898,2016-02-04 10:20:00,2016-02-04 22:20:00
2544,2881,2016-04-06 17:47:00,2016-04-07 05:47:00
323,715,2016-01-27 09:50:00,2016-01-27 21:50:00
4063,2459,2016-02-21 12:26:00,2016-02-22 00:26:00
3354,2466,2016-02-06 14:55:00,2016-02-07 02:55:00
1131,3013,2016-02-24 09:36:00,2016-02-24 21:36:00
1131,2778,2016-01-25 05:39:00,2016-01-25 17:39:00
1525,2238,2016-02-24 09:56:00,2016-02-24 21:56:00
2062,2655,2016-05-01 07:45:00,2016-05-01 19:45:00
3471,1704,2016-05-04 20:43:00,2016-05-05 08:43:00
2466,678,2016-01-14 13:45:00,2016-01-15 01:45:00
2062,323,2016-02-06 02:37:00,2016-02-06 14:37:00
1704,2145,2016-01-12 18:00:00,2016-01-13 06:00:00
2533,3370,2016-04-11 07:30:00,2016-04-11 19:30:00
2881,1029,2016-01-22 04:20:00,2016-01-22 16:20:00
3505,3339,2016-01-18 13:56:00,2016-01-19 01:56:00
2058,711,2016-03-21 11:13:00,2016-03-21 23:13:00
238,257,2016-05-19 04:05:00,2016-05-19 16:05:00
238,3359,2016-03-25 10:45:00,2016-03-25 22:45:00
3748,3349,2016-04-02 05:49:00,2016-04-02 17:49:00
2877,323,2016-05-12 11:48:00,2016-05-12 23:48:00
4573,4349,2016-03-24 14:31:00,2016-03-25 02:31:00
323,3354,2016-05-19 06:32:00,2016-05-19 18:32:00
4173,448,2016-02-12 06:32:00,2016-02-12 18:32:00
3649,1061,2016-02-09 18:55:00,2016-02-10 06:55:00
4063,3748,2016-03-20 06:32:00,2016-03-20 18:32:00
2062,3253,2016-01-12 14:07:00,2016-01-13 02:07:00
2544,715,2016-03-26 02:00:00,2016-03-26 14:00:00
2674,2062,2016-01-27 16:29:00,2016-01-28 04:29:00
448,2058,2016-04-12 03:20:00,2016-04-12 15:20:00
1061,3339,2016-02-26 18:54:00,2016-02-27 06:54:00
2062,84,2016-01-03 07:16:00,2016-01-03 19:16:00
2459,2671,2016-01-04 09:50:00,2016-01-04 21:50:00
2778,2852,2016-03-26 01:35:00,2016-03-26 13:35:00
3349,2657,2016-02-06 22:33:00,2016-02-07 10:33:00
2655,2674,2016-04-23 16:38:00,2016-04-24 04:38:00
257,448,2016-04-15 13:40:00,2016-04-16 01:40:00
257,1083,2016-03-20 17:51:00,2016-03-21 05:51:00
3349,1383,2016-01-14 23:52:00,2016-01-15 11:52:00
3253,2544,2016-02-14 04:39:00,2016-02-14 16:39:00
3354,1034,2016-02-01 03:31:00,2016-02-01 15:31:00
274,84,2016-02-25 18:15:00,2016-02-26 06:15:00
2062,323,2016-05-21 14:04:00,2016-05-22 02:04:00
1131,84,2016-01-12 16:53:00,2016-01-13 04:53:00
2459,678,2016-02-20 23:45:00,2016-02-21 11:45:00
2852,4573,2016-02-01 19:22:00,2016-02-02 07:22:00
3359,274,2016-01-03 15:37:00,2016-01-04 03:37:00
2533,711,2016-05-23 10:23:00,2016-05-23 22:23:00
2145,2877,2016-01-18 07:32:00,2016-01-18 19:32:00
2671,3605,2016-03-15 08:53:00,2016-03-15 20:53:00
4173,2145,2016-04-03 05:14:00,2016-04-03 17:14:00
238,1383,2016-03-15 04:14:00,2016-03-15 16:14:00
2533,2852,2016-04-10 05:03:00,2016-04-10 17:03:00
3649,2466,2016-02-14 00:34:00,2016-02-14 12:34:00
1131,3505,2016-01-02 16:06:00,2016-01-03 04:06:00
3649,3359,2016-03-26 17:53:00,2016-03-27 05:53:00
3013,4471,2016-04-23 12:33:00,2016-04-24 00:33:00
2778,84,2016-03-10 00:34:00,2016-03-10 12:34:00
2427,4063,2016-05-17 05:10:00,2016-05-17 17:10:00
3349,481,2016-05-08 01:55:00,2016-05-08 13:55:00
3649,527,2016-04-25 18:15:00,2016-04-26 06:15:00
4067,481,2016-01-03 02:23:00,2016-01-03 14:23:00
1704,3612,2016-05-21 07:45:00,2016-05-21 19:45:00
89,448,2016-02-21 16:18:00,2016-02-22 04:18:00
3339,3253,2016-03-03 22:28:00,2016-03-04 10:28:00
1083,4471,2016-04-18 04:51:00,2016-04-18 16:51:00
2062,1061,2016-04-27 05:36:00,2016-04-27 17:36:00
2533,4063,2016-02-10 10:07:00,2016-02-10 22:07:00
711,3253,2016-05-14 18:49:00,2016-05-15 06:49:00
274,1029,2016-05-14 14:19:00,2016-05-15 02:19:00
4471,1079,2016-02-23 02:59:00,2016-02-23 14:59:00
3505,1704,2016-02-06 12:08:00,2016-02-07 00:08:00
2674,481,2016-02-07 12:28:00,2016-02-08 00:28:00
678,2389,2016-02-13 20:15:00,2016-02-14 08:15:00
3013,3505,2016-03-07 10:45:00,2016-03-07 22:45:00
3138,2671,2016-02-26 08:33:00,2016-02-26 20:33:00
3013,1083,2016-01-21 01:10:00,2016-01-21 13:10:00
2324,1383,2016-01-03 09:52:00,2016-01-03 21:52:00
2153,3354,2016-05-15 23:04:00,2016-05-16 11:04:00
2852,3253,2016-05-12 07:52:00,2016-05-12 19:52:00
1079,3649,2016-04-23 02:27:00,2016-04-23 14:27:00
3471,3297,2016-03-16 01:21:00,2016-03-16 13:21:00
2466,2389,2016-03-03 16:54:00,2016-03-04 04:54:00
3370,3649,2016-02-09 21:35:00,2016-02-10 09:35:00
1383,3612,2016-04-23 02:59:00,2016-04-23 14:59:00
2778,1029,2016-01-08 12:28:00,2016-01-09 00:28:00
4471,3370,2016-05-27 10:21:00,2016-05-27 22:21:00
2657,2062,2016-04-05 21:54:00,2016-04-06 09:54:00
1525,3349,2016-02-20 07:06:00,2016-02-20 19:06:00
3138,2062,2016-05-21 09:33:00,2016-05-21 21:33:00
711,3618,2016-01-21 04:52:00,2016-01-21 16:52:00
2324,711,2016-02-05 05:36:00,2016-02-05 17:36:00
481,3359,2016-03-11 20:40:00,2016-03-12 08:40:00
2459,3748,2016-01-13 16:41:00,2016-01-14 04:41:00
1820,2389,2016-03-02 14:49:00,2016-03-03 02:49:00
3138,1820,2016-01-12 08:09:00,2016-01-12 20:09:00
4092,323,2016-01-03 10:53:00,2016-01-03 22:53:00
2778,2655,2016-02-09 12:38:00,2016-02-10 00:38:00
2657,3359,2016-01-22 17:52:00,2016-01-23 05:52:00
3748,257,2016-02-05 22:15:00,2016-02-06 10:15:00
2153,3921,2016-03-06 18:16:00,2016-03-07 06:16:00
1131,3921,2016-03-15 14:54:00,2016-03-16 02:54:00
2062,711,2016-02-08 20:44:00,2016-02-09 08:44:00
715,3297,2016-05-08 10:27:00,2016-05-08 22:27:00
2657,1131,2016-04-23 07:23:00,2016-04-23 19:23:00
238,2657,2016-03-15 10:48:00,2016-03-15 22:48:00
2145,3013,2016-04-03 07:17:00,2016-04-03 19:17:00
2533,4573,2016-03-14 09:20:00,2016-03-14 21:20:00
3605,2544,2016-03-26 06:24:00,2016-03-26 18:24:00
4067,4173,2016-03-22 22:36:00,2016-03-23 10:36:00
3649,89,2016-03-18 17:41:00,2016-03-19 05:41:00
2655,4349,2016-03-04 21:39:00,2016-03-05 09:39:00
1383,89,2016-05-23 20:02:00,2016-05-24 08:02:00
3354,715,2016-05-27 08:14:00,2016-05-27 20:14:00
3605,1383,2016-02-27 06:20:00,2016-02-27 18:20:00
2324,2062,2016-01-16 11:18:00,2016-01-16 23:18:00
3297,3505,2016-04-14 17:44:00,2016-04-15 05:44:00
711,1383,2016-03-19 06:59:00,2016-03-19 18:59:00
3471,3649,2016-02-23 01:11:00,2016-02-23 13:11:00
3921,3612,2016-04-10 14:17:00,2016-04-11 02:17:00
274,2881,2016-03-16 23:01:00,2016-03-17 11:01:00
3505,2343,2016-04-25 17:53:00,2016-04-26 05:53:00
2533,2459,2016-02-02 08:06:00,2016-02-02 20:06:00
527,2881,2016-01-28 07:33:00,2016-01-28 19:33:00
4173,2058,2016-01-08 10:55:00,2016-01-08 22:55:00
4067,3339,2016-02-04 05:32:00,2016-02-04 17:32:00
2153,1061,2016-04-06 03:43:00,2016-04-06 15:43:00
257,702,2016-03-20 00:46:00,2016-03-20 12:46:00
3370,2544,2016-05-14 02:24:00,2016-05-14 14:24:00
3370,2389,2016-04-24 05:04:00,2016-04-24 17:04:00
4092,2655,2016-01-06 07:14:00,2016-01-06 19:14:00
711,3748,2016-02-25 08:34:00,2016-02-25 20:34:00
2343,274,2016-05-03 07:56:00,2016-05-03 19:56:00
4471,481,2016-03-13 07:27:00,2016-03-13 19:27:00
702,2062,2016-05-14 01:17:00,2016-05-14 13:17:00
1083,715,2016-01-19 15:37:00,2016-01-20 03:37:00
3138,3612,2016-05-13 05:26:00,2016-05-13 17:26:00
527,3370,2016-04-11 17:24:00,2016-04-12 05:24:00
2674,4173,2016-05-12 06:47:00,2016-05-12 18:47:00
1704,4573,2016-02-08 00:49:00,2016-02-08 12:49:00
2238,1383,2016-01-10 14:45:00,2016-01-11 02:45:00
3605,4067,2016-01-14 14:14:00,2016-01-15 02:14:00
274,2459,2016-04-19 10:04:00,2016-04-19 22:04:00
2671,2389,2016-01-10 03:05:00,2016-01-10 15:05:00
3898,2877,2016-05-24 14:18:00,2016-05-25 02:18:00
2153,2466,2016-05-27 14:01:00,2016-05-28 02:01:00
1079,3898,2016-01-10 19:55:00,2016-01-11 07:55:00
1083,3618,2016-04-21 17:30:00,2016-04-22 05:30:00
678,678,2016-03-13 04:19:00,2016-03-13 16:19:00
3354,2877,2016-03-12 17:48:00,2016-03-13 05:48:00
2544,1061,2016-02-27 01:27:00,2016-02-27 13:27:00
2389,715,2016-05-03 20:43:00,2016-05-04 08:43:00
3921,257,2016-02-25 19:39:00,2016-02-26 07:39:00
3921,448,2016-05-21 05:27:00,2016-05-21 17:27:00
1079,1061,2016-03-24 03:40:00,2016-03-24 15:40:00
711,3339,2016-01-14 16:59:00,2016-01-15 04:59:00
2058,448,2016-03-09 00:29:00,2016-03-09 12:29:00
3013,2533,2016-04-03 19:58:00,2016-04-04 07:58:00
481,715,2016-01-14 11:07:00,2016-01-14 23:07:00
711,678,2016-05-12 14:31:00,2016-05-13 02:31:00
3898,3921,2016-01-24 01:12:00,2016-01-24 13:12:00
2657,3649,2016-05-21 16:39:00,2016-05-22 04:39:00
2153,1131,2016-02-05 05:59:00,2016-02-05 17:59:00
2466,1029,2016-04-08 13:11:00,2016-04-09 01:11:00
1820,2778,2016-02-18 02:29:00,2016-02-18 14:29:00
2343,2058,2016-04-18 07:59:00,2016-04-18 19:59:00
2343,678,2016-02-23 17:07:00,2016-02-24 05:07:00
4173,2153,2016-03-11 08:52:00,2016-03-11 20:52:00
702,2544,2016-02-27 13:04:00,2016-02-28 01:04:00
4173,4063,2016-03-07 15:45:00,2016-03-08 03:45:00
3370,3898,2016-02-28 03:36:00,2016-02-28 15:36:00
3649,3297,2016-01-12 09:43:00,2016-01-12 21:43:00
3505,2544,2016-03-17 20:28:00,2016-03-18 08:28:00
2062,2427,2016-05-18 05:57:00,2016-05-18 17:57:00
2343,2459,2016-03-07 20:06:00,2016-03-08 08:06:00
678,2324,2016-05-23 16:05:00,2016-05-24 04:05:00
89,527,2016-05-13 03:30:00,2016-05-13 15:30:00
2881,3898,2016-05-09 04:21:00,2016-05-09 16:21:00
257,3354,2016-05-21 11:28:00,2016-05-21 23:28:00
4471,2062,2016-02-25 20:46:00,2016-02-26 08:46:00
1820,257,2016-02-08 03:51:00,2016-02-08 15:51:00
2778,3834,2016-01-07 14:34:00,2016-01-08 02:34:00
481,2657,2016-05-08 17:00:00,2016-05-09 05:00:00
3297,4349,2016-04-17 16:59:00,2016-04-18 04:59:00
2671,2881,2016-01-22 07:20:00,2016-01-22 19:20:00
1131,2671,2016-01-25 08:08:00,2016-01-25 20:08:00
2058,1704,2016-02-23 15:40:00,2016-02-24 03:40:00
1079,2674,2016-01-05 23:36:00,2016-01-06 11:36:00
678,2459,2016-04-23 03:34:00,2016-04-23 15:34:00
702,1029,2016-05-18 22:11:00,2016-05-19 10:11:00
274,274,2016-03-14 21:15:00,2016-03-15 09:15:00
4063,3649,2016-04-20 07:08:00,2016-04-20 19:08:00
3921,527,2016-04-20 06:11:00,2016-04-20 18:11:00
3471,3297,2016-03-25 00:38:00,2016-03-25 12:38:00
1034,4092,2016-02-16 08:40:00,2016-02-16 20:40:00
2657,238,2016-05-17 01:47:00,2016-05-17 13:47:00
3618,274,2016-05-13 11:52:00,2016-05-13 23:52:00
2145,4067,2016-01-21 04:30:00,2016-01-21 16:30:00
2655,1079,2016-01-19 10:51:00,2016-01-19 22:51:00
4092,3748,2016-05-18 06:33:00,2016-05-18 18:33:00
323,711,2016-02-02 19:30:00,2016-02-03 07:30:00
1383,274,2016-05-18 22:04:00,2016-05-19 10:04:00
2852,2877,2016-01-03 21:31:00,2016-01-04 09:31:00
3354,2881,2016-02-01 10:23:00,2016-02-01 22:23:00
4092,3612,2016-01-08 12:16:00,2016-01-09 00:16:00
1525,2145,2016-05-24 19:32:00,2016-05-25 07:32:00
1079,2324,2016-03-23 15:22:00,2016-03-24 03:22:00
2153,1079,2016-04-18 13:32:00,2016-04-19 01:32:00
2655,3921,2016-02-21 06:26:00,2016-02-21 18:26:00
84,3297,2016-01-18 19:31:00,2016-01-19 07:31:00
3505,3505,2016-03-03 16:16:00,2016-03-04 04:16:00
3834,2778,2016-03-03 17:53:00,2016-03-04 05:53:00
1061,715,2016-05-21 22:30:00,2016-05-22 10:30:00
1034,84,2016-03-17 03:52:00,2016-03-17 15:52:00
3370,3138,2016-05-21 01:31:00,2016-05-21 13:31:00
2881,3618,2016-02-25 17:12:00,2016-02-26 05:12:00
1131,238,2016-05-01 22:50:00,2016-05-02 10:50:00
3013,4349,2016-05-16 14:54:00,2016-05-17 02:54:00
274,3138,2016-02-07 17:01:00,2016-02-08 05:01:00
3618,2674,2016-05-10 22:31:00,2016-05-11 10:31:00
3921,3505,2016-02-15 04:34:00,2016-02-15 16:34:00
2324,2238,2016-05-16 00:48:00,2016-05-16 12:48:00
4067,1083,2016-04-17 14:33:00,2016-04-18 02:33:00
1525,2343,2016-05-26 07:42:00,2016-05-26 19:42:00
2655,702,2016-03-13 08:53:00,2016-03-13 20:53:00
702,3748,2016-02-14 04:40:00,2016-02-14 16:40:00
3898,527,2016-03-08 19:32:00,2016-03-09 07:32:00
3253,2674,2016-05-09 15:56:00,2016-05-10 03:56:00
2343,257,2016-04-13 18:18:00,2016-04-14 06:18:00
2427,2674,2016-05-02 23:56:00,2016-05-03 11:56:00
323,3359,2016-03-09 03:34:00,2016-03-09 15:34:00
4063,448,2016-01-22 08:23:00,2016-01-22 20:23:00
2389,2389,2016-04-03 17:50:00,2016-04-04 05:50:00
702,2058,2016-04-02 15:41:00,2016-04-03 03:41:00
238,1034,2016-02-07 02:34:00,2016-02-07 14:34:00
1525,715,2016-04-03 07:24:00,2016-04-03 19:24:00
3339,1383,2016-05-18 01:41:00,2016-05-18 13:41:00
2062,2389,2016-03-17 22:14:00,2016-03-18 10:14:00
4173,1034,2016-01-01 05:06:00,2016-01-01 17:06:00
2343,2238,2016-03-19 00:54:00,2016-03-19 12:54:00
2533,4173,2016-04-28 08:10:00,2016-04-28 20:10:00
1061,2389,2016-04-23 22:24:00,2016-04-24 10:24:00
1820,2466,2016-01-04 13:04:00,2016-01-05 01:04:00
3013,1525,2016-05-10 10:22:00,2016-05-10 22:22:00
2238,3359,2016-05-04 14:16:00,2016-05-05 02:16:00
702,4471,2016-04-19 17:22:00,2016-04-20 05:22:00
1383,678,2016-01-25 16:47:00,2016-01-26 04:47:00
3618,3618,2016-02-09 20:51:00,2016-02-10 08:51:00
3471,3505,2016-01-07 11:56:00,2016-01-07 23:56:00
2153,1525,2016-03-07 11:35:00,2016-03-07 23:35:00
257,448,2016-05-02 04:28:00,2016-05-02 16:28:00
678,3253,2016-03-20 01:02:00,2016-03-20 13:02:00
3505,2466,2016-04-06 01:55:00,2016-04-06 13:55:00
3834,3253,2016-01-15 13:42:00,2016-01-16 01:42:00
1820,3339,2016-04-14 08:27:00,2016-04-14 20:27:00
323,2427,2016-04-08 22:33:00,2016-04-09 10:33:00
1029,2877,2016-02-18 18:01:00,2016-02-19 06:01:00
89,2324,2016-03-17 11:32:00,2016-03-17 23:32:00
2058,1131,2016-03-05 16:50:00,2016-03-06 04:50:00
3748,4173,2016-02-20 20:50:00,2016-02-21 08:50:00
257,1083,2016-05-27 16:46:00,2016-05-28 04:46:00
3748,3339,2016-03-20 00:40:00,2016-03-20 12:40:00
1131,2343,2016-02-01 00:40:00,2016-02-01 12:40:00
257,257,2016-02-24 13:46:00,2016-02-25 01:46:00
3898,2533,2016-02-25 14:05:00,2016-02-26 02:05:00
2058,4063,2016-01-28 10:04:00,2016-01-28 22:04:00
1029,2389,2016-01-02 14:40:00,2016-01-03 02:40:00
1131,1820,2016-01-13 12:17:00,2016-01-14 00:17:00
274,2238,2016-02-09 05:15:00,2016-02-09 17:15:00
3297,89,2016-03-21 01:52:00,2016-03-21 13:52:00
238,3339,2016-05-16 10:50:00,2016-05-16 22:50:00
2674,3297,2016-02-19 16:01:00,2016-02-20 04:01:00
2544,2343,2016-05-03 16:09:00,2016-05-04 04:09:00
2466,702,2016-02-21 07:36:00,2016-02-21 19:36:00
3921,3359,2016-05-25 21:14:00,2016-05-26 09:14:00
4067,3297,2016-02-02 20:07:00,2016-02-03 08:07:00
2881,1704,2016-04-24 22:42:00,2016-04-25 10:42:00
2881,89,2016-03-27 02:52:00,2016-03-27 14:52:00
257,702,2016-04-06 05:11:00,2016-04-06 17:11:00
3297,2058,2016-03-21 15:58:00,2016-03-22 03:58:00
2153,3354,2016-05-27 04:19:00,2016-05-27 16:19:00
89,1061,2016-05-02 17:22:00,2016-05-03 05:22:00
2657,527,2016-02-07 18:37:00,2016-02-08 06:37:00
2671,2881,2016-03-03 20:41:00,2016-03-04 08:41:00
2389,3013,2016-02-02 22:34:00,2016-02-03 10:34:00
2657,3605,2016-03-24 15:00:00,2016-03-25 03:00:00
1034,3354,2016-05-23 20:41:00,2016-05-24 08:41:00
3013,715,2016-03-05 13:48:00,2016-03-06 01:48:00
1704,1820,2016-02-28 01:58:00,2016-02-28 13:58:00
2671,4573,2016-04-10 13:02:00,2016-04-11 01:02:00
323,4573,2016-01-15 21:57:00,2016-01-16 09:57:00
257,448,2016-01-09 14:58:00,2016-01-10 02:58:00
84,2778,2016-03-04 23:32:00,2016-03-05 11:32:00
1034,3359,2016-02-14 20:48:00,2016-02-15 08:48:00
3138,2153,2016-02-20 17:54:00,2016-02-21 05:54:00
678,678,2016-01-17 01:11:00,2016-01-17 13:11:00
2459,3013,2016-01-25 01:51:00,2016-01-25 13:51:00
2852,3370,2016-01-28 02:39:00,2016-01-28 14:39:00
1034,3605,2016-04-17 06:16:00,2016-04-17 18:16:00
3612,3898,2016-03-08 09:08:00,2016-03-08 21:08:00
702,3748,2016-04-25 19:36:00,2016-04-26 07:36:00
3834,3354,2016-02-07 20:52:00,2016-02-08 08:52:00
1083,3834,2016-02-24 20:01:00,2016-02-25 08:01:00
323,2389,2016-03-19 10:25:00,2016-03-19 22:25:00
2657,4573,2016-02-15 02:27:00,2016-02-15 14:27:00
1383,84,2016-04-01 01:45:00,2016-04-01 13:45:00
3354,1704,2016-05-14 11:05:00,2016-05-14 23:05:00
2544,4063,2016-05-18 05:30:00,2016-05-18 17:30:00
2881,2343,2016-02-21 15:35:00,2016-02-22 03:35:00
3834,3354,2016-02-05 17:02:00,2016-02-06 05:02:00
3921,715,2016-02-27 19:20:00,2016-02-28 07:20:00
1034,3505,2016-05-18 09:25:00,2016-05-18 21:25:00
2544,3349,2016-03-04 20:24:00,2016-03-05 08:24:00
3349,323,2016-04-21 01:11:00,2016-04-21 13:11:00
323,4471,2016-01-12 01:17:00,2016-01-12 13:17:00
3505,3834,2016-04-18 01:58:00,2016-04-18 13:58:00
2324,2466,2016-04-01 22:25:00,2016-04-02 10:25:00
4573,2655,2016-04-25 13:05:00,2016-04-26 01:05:00
3354,3349,2016-01-20 02:24:00,2016-01-20 14:24:00
2153,1704,2016-04-20 23:37:00,2016-04-21 11:37:00
2533,2324,2016-01-18 03:30:00,2016-01-18 15:30:00
2466,4573,2016-01-16 01:36:00,2016-01-16 13:36:00
2671,1029,2016-01-07 18:48:00,2016-01-08 06:48:00
3649,3471,2016-02-02 22:43:00,2016-02-03 10:43:00
3370,4063,2016-01-21 02:34:00,2016-01-21 14:34:00
3921,2058,2016-01-02 15:09:00,2016-01-03 03:09:00
84,2657,2016-05-11 06:11:00,2016-05-11 18:11:00
1083,715,2016-05-23 00:34:00,2016-05-23 12:34:00
2062,2238,2016-04-15 19:33:00,2016-04-16 07:33:00
3370,2238,2016-03-01 20:27:00,2016-03-02 08:27:00
3339,3354,2016-02-24 00:09:00,2016-02-24 12:09:00
527,4471,2016-03-23 23:12:00,2016-03-24 11:12:00
3359,4092,2016-04-13 02:55:00,2016-04-13 14:55:00
2343,2324,2016-01-28 11:54:00,2016-01-28 23:54:00
715,3471,2016-05-03 05:15:00,2016-05-03 17:15:00
1525,3138,2016-05-20 10:16:00,2016-05-20 22:16:00
3349,1383,2016-02-13 03:01:00,2016-02-13 15:01:00
678,2657,2016-03-17 20:06:00,2016-03-18 08:06:00
3349,2324,2016-02-09 09:26:00,2016-02-09 21:26:00
3505,4349,2016-04-21 18:24:00,2016-04-22 06:24:00
678,3354,2016-01-15 14:07:00,2016-01-16 02:07:00
1131,2343,2016-04-11 17:07:00,2016-04-12 05:07:00
2877,2389,2016-05-23 19:56:00,2016-05-24 07:56:00
4349,4063,2016-03-01 21:28:00,2016-03-02 09:28:00
3898,3297,2016-04-10 15:39:00,2016-04-11 03:39:00
527,3898,2016-04-25 23:16:00,2016-04-26 11:16:00
3359,2657,2016-02-27 09:55:00,2016-02-27 21:55:00
3649,3349,2016-05-27 21:20:00,2016-05-28 09:20:00
3748,3339,2016-02-15 13:16:00,2016-02-16 01:16:00
4573,3359,2016-05-03 23:38:00,2016-05-04 11:38:00
3921,1034,2016-02-10 23:42:00,2016-02-11 11:42:00
481,3370,2016-03-18 22:10:00,2016-03-19 10:10:00
711,678,2016-01-01 17:23:00,2016-01-02 05:23:00
711,2674,2016-02-26 21:17:00,2016-02-27 09:17:00
3618,3898,2016-02-14 01:32:00,2016-02-14 13:32:00
1034,3921,2016-02-26 04:55:00,2016-02-26 16:55:00
2877,3605,2016-02-07 21:26:00,2016-02-08 09:26:00
3618,3349,2016-04-13 14:11:00,2016-04-14 02:11:00
3471,238,2016-05-28 15:24:00,2016-05-29 03:24:00
1383,2238,2016-03-21 08:31:00,2016-03-21 20:31:00
323,1383,2016-01-28 18:14:00,2016-01-29 06:14:00
3898,274,2016-01-21 16:10:00,2016-01-22 04:10:00
4063,3618,2016-01-27 14:55:00,2016-01-28 02:55:00
3471,3748,2016-02-15 09:08:00,2016-02-15 21:08:00
3138,3471,2016-04-20 05:04:00,2016-04-20 17:04:00
323,2657,2016-01-17 22:51:00,2016-01-18 10:51:00
2852,2389,2016-04-10 00:51:00,2016-04-10 12:51:00
1383,4573,2016-03-10 22:33:00,2016-03-11 10:33:00
3471,3253,2016-05-27 15:23:00,2016-05-28 03:23:00
2655,4471,2016-03-20 10:48:00,2016-03-20 22:48:00
3834,257,2016-02-14 02:37:00,2016-02-14 14:37:00
2544,3349,2016-02-11 15:26:00,2016-02-12 03:26:00
4471,2671,2016-02-20 21:28:00,2016-02-21 09:28:00
702,1061,2016-03-24 11:09:00,2016-03-24 23:09:00
2459,2324,2016-04-12 06:32:00,2016-04-12 18:32:00
3605,2466,2016-03-07 01:46:00,2016-03-07 13:46:00
4471,715,2016-02-08 00:02:00,2016-02-08 12:02:00
3471,4471,2016-03-02 02:31:00,2016-03-02 14:31:00
3349,1820,2016-03-13 10:09:00,2016-03-13 22:09:00
3359,2657,2016-04-10 12:22:00,2016-04-11 00:22:00
4063,3834,2016-01-17 13:56:00,2016-01-18 01:56:00
2427,1079,2016-01-07 05:43:00,2016-01-07 17:43:00
1079,3618,2016-02-28 21:14:00,2016-02-29 09:14:00
448,4173,2016-05-23 23:56:00,2016-05-24 11:56:00
257,2459,2016-04-02 12:20:00,2016-04-03 00:20:00
3748,1083,2016-04-23 16:58:00,2016-04-24 04:58:00
711,2674,2016-02-26 19:38:00,2016-02-27 07:38:00
2343,257,2016-02-23 05:23:00,2016-02-23 17:23:00
2877,3834,2016-02-03 02:11:00,2016-02-03 14:11:00
481,1525,2016-02-25 05:43:00,2016-02-25 17:43:00
3618,3370,2016-03-15 00:45:00,2016-03-15 12:45:00
678,3921,2016-05-26 20:40:00,2016-05-27 08:40:00
3921,2343,2016-04-23 06:40:00,2016-04-23 18:40:00
89,274,2016-03-01 05:30:00,2016-03-01 17:30:00
323,2671,2016-03-25 18:42:00,2016-03-26 06:42:00
3649,1131,2016-04-09 08:09:00,2016-04-09 20:09:00
2657,448,2016-01-25 02:57:00,2016-01-25 14:57:00
257,4173,2016-01-19 18:09:00,2016-01-20 06:09:00
2778,702,2016-02-01 00:04:00,2016-02-01 12:04:00
3349,2533,2016-05-15 07:50:00,2016-05-15 19:50:00
2544,3649,2016-04-26 21:06:00,2016-04-27 09:06:00
3138,3748,2016-05-05 02:55:00,2016-05-05 14:55:00
4173,1034,2016-05-26 18:10:00,2016-05-27 06:10:00
3898,84,2016-05-21 07:01:00,2016-05-21 19:01:00
2238,2544,2016-01-16 08:17:00,2016-01-16 20:17:00
2153,2671,2016-04-25 22:23:00,2016-04-26 10:23:00
2778,2145,2016-04-24 21:52:00,2016-04-25 09:52:00
1079,1383,2016-02-14 15:07:00,2016-02-15 03:07:00
3618,323,2016-04-13 01:20:00,2016-04-13 13:20:00
2062,1525,2016-02-27 08:07:00,2016-02-27 20:07:00
2466,2389,2016-04-11 15:25:00,2016-04-12 03:25:00
238,2343,2016-05-04 12:22:00,2016-05-05 00:22:00
3612,2145,2016-05-08 16:28:00,2016-05-09 04:28:00
3605,527,2016-03-23 11:37:00,2016-03-23 23:37:00
3354,238,2016-03-11 12:02:00,2016-03-12 00:02:00
2389,3612,2016-03-12 13:35:00,2016-03-13 01:35:00
702,1079,2016-04-25 09:27:00,2016-04-25 21:27:00
3013,2238,2016-05-16 20:25:00,2016-05-17 08:25:00
4067,4067,2016-03-24 18:01:00,2016-03-25 06:01:00
481,3612,2016-05-15 03:46:00,2016-05-15 15:46:00
4067,2778,2016-01-27 15:52:00,2016-01-28 03:52:00
3349,1034,2016-04-10 20:29:00,2016-04-11 08:29:00
4173,238,2016-02-14 08:03:00,2016-02-14 20:03:00
89,274,2016-02-15 14:52:00,2016-02-16 02:52:00
3618,89,2016-05-22 19:15:00,2016-05-23 07:15:00
1061,84,2016-01-08 10:58:00,2016-01-08 22:58:00
3253,323,2016-04-12 03:45:00,2016-04-12 15:45:00
3138,702,2016-05-22 06:44:00,2016-05-22 18:44:00
3505,238,2016-04-09 04:36:00,2016-04-09 16:36:00
3339,4471,2016-01-19 15:00:00,2016-01-20 03:00:00
1083,3612,2016-05-21 09:23:00,2016-05-21 21:23:00
702,2058,2016-03-18 01:38:00,2016-03-18 13:38:00
257,89,2016-03-18 03:18:00,2016-03-18 15:18:00
4173,89,2016-04-16 23:10:00,2016-04-17 11:10:00
3605,1079,2016-05-13 13:55:00,2016-05-14 01:55:00
274,3138,2016-01-03 22:02:00,2016-01-04 10:02:00
4067,715,2016-05-27 05:33:00,2016-05-27 17:33:00
89,1383,2016-05-04 12:41:00,2016-05-05 00:41:00
1079,1079,2016-03-27 18:14:00,2016-03-28 06:14:00
2153,3339,2016-01-23 22:39:00,2016-01-24 10:39:00
2657,1704,2016-02-19 12:03:00,2016-02-20 00:03:00
2533,2153,2016-02-26 18:20:00,2016-02-27 06:20:00
3898,3339,2016-02-05 19:51:00,2016-02-06 07:51:00
4067,1034,2016-01-14 02:32:00,2016-01-14 14:32:00
715,527,2016-02-24 17:21:00,2016-02-25 05:21:00
1131,1079,2016-04-16 03:59:00,2016-04-16 15:59:00
2062,3349,2016-01-20 23:18:00,2016-01-21 11:18:00
4573,3748,2016-05-13 15:49:00,2016-05-14 03:49:00
481,3339,2016-05-22 00:39:00,2016-05-22 12:39:00
2062,481,2016-04-27 02:37:00,2016-04-27 14:37:00
3359,3349,2016-01-05 19:10:00,2016-01-06 07:10:00
238,3359,2016-05-13 15:52:00,2016-05-14 03:52:00
3605,3349,2016-03-09 19:41:00,2016-03-10 07:41:00
678,1525,2016-02-25 06:08:00,2016-02-25 18:08:00
3834,323,2016-02-25 10:08:00,2016-02-25 22:08:00
4067,2778,2016-01-18 04:54:00,2016-01-18 16:54:00
1061,2343,2016-05-12 23:00:00,2016-05-13 11:00:00
89,3618,2016-01-08 22:20:00,2016-01-09 10:20:00
3921,3359,2016-04-12 14:41:00,2016-04-13 02:41:00
238,3618,2016-02-04 18:58:00,2016-02-05 06:58:00
678,3354,2016-02-08 04:33:00,2016-02-08 16:33:00
3898,527,2016-04-18 04:18:00,2016-04-18 16:18:00
1034,4349,2016-01-18 17:32:00,2016-01-19 05:32:00
1034,3349,2016-01-13 20:16:00,2016-01-14 08:16:00
4063,448,2016-02-26 22:59:00,2016-02-27 10:59:00
527,274,2016-02-27 01:28:00,2016-02-27 13:28:00
1704,3339,2016-05-06 03:26:00,2016-05-06 15:26:00
1383,3898,2016-01-08 21:31:00,2016-01-09 09:31:00
1383,2544,2016-03-02 15:27:00,2016-03-03 03:27:00
2881,1383,2016-04-19 01:06:00,2016-04-19 13:06:00
1029,3349,2016-04-07 07:44:00,2016-04-07 19:44:00
1383,1525,2016-03-24 17:50:00,2016-03-25 05:50:00
2389,2533,2016-01-15 03:55:00,2016-01-15 15:55:00
3605,2343,2016-04-04 12:55:00,2016-04-05 00:55:00
2058,2343,2016-04-16 21:09:00,2016-04-17 09:09:00
448,2238,2016-03-22 12:47:00,2016-03-23 00:47:00
3013,2238,2016-05-22 17:13:00,2016-05-23 05:13:00
711,715,2016-01-16 19:36:00,2016-01-17 07:36:00
527,3339,2016-01-06 06:49:00,2016-01-06 18:49:00
711,2544,2016-03-09 21:09:00,2016-03-10 09:09:00
2877,3505,2016-03-21 00:08:00,2016-03-21 12:08:00
2533,2778,2016-03-27 01:08:00,2016-03-27 13:08:00
3921,1029,2016-03-21 09:41:00,2016-03-21 21:41:00
2881,4067,2016-02-16 09:38:00,2016-02-16 21:38:00
678,711,2016-04-02 09:05:00,2016-04-02 21:05:00
3471,2466,2016-01-09 06:15:00,2016-01-09 18:15:00
1131,3349,2016-02-25 01:31:00,2016-02-25 13:31:00
3898,4067,2016-05-19 02:28:00,2016-05-19 14:28:00
2389,323,2016-01-01 23:54:00,2016-01-02 11:54:00
3297,1029,2016-01-18 04:25:00,2016-01-18 16:25:00
2877,257,2016-02-24 09:21:00,2016-02-24 21:21:00
2062,2389,2016-01-16 01:46:00,2016-01-16 13:46:00
4173,3253,2016-04-23 20:31:00,2016-04-24 08:31:00
2674,3370,2016-05-12 02:54:00,2016-05-12 14:54:00
1820,274,2016-04-20 02:53:00,2016-04-20 14:53:00
2881,2657,2016-02-18 08:25:00,2016-02-18 20:25:00
2058,702,2016-01-04 08:42:00,2016-01-04 20:42:00
84,2674,2016-01-25 12:36:00,2016-01-26 00:36:00
2062,3359,2016-01-20 16:06:00,2016-01-21 04:06:00
2674,702,2016-01-24 03:51:00,2016-01-24 15:51:00
3349,711,2016-02-15 02:06:00,2016-02-15 14:06:00
2389,3370,2016-01-01 05:11:00,2016-01-01 17:11:00
3618,2674,2016-03-18 21:24:00,2016-03-19 09:24:00
1061,2062,2016-04-24 14:33:00,2016-04-25 02:33:00
715,3834,2016-04-05 00:43:00,2016-04-05 12:43:00
2153,2881,2016-02-10 02:08:00,2016-02-10 14:08:00
2881,4349,2016-03-01 09:26:00,2016-03-01 21:26:00
4471,3370,2016-04-09 00:16:00,2016-04-09 12:16:00
1131,1034,2016-01-03 19:54:00,2016-01-04 07:54:00
3612,2778,2016-05-15 11:27:00,2016-05-15 23:27:00
448,3297,2016-01-02 08:09:00,2016-01-02 20:09:00
323,3605,2016-02-28 04:15:00,2016-02-28 16:15:00
1083,527,2016-03-10 06:25:00,2016-03-10 18:25:00
2881,1079,2016-04-09 03:12:00,2016-04-09 15:12:00
3359,2324,2016-04-03 01:34:00,2016-04-03 13:34:00
3748,2674,2016-04-01 12:23:00,2016-04-02 00:23:00
323,2145,2016-05-21 11:52:00,2016-05-21 23:52:00
3297,1034,2016-03-05 01:26:00,2016-03-05 13:26:00
3618,2671,2016-05-24 05:26:00,2016-05-24 17:26:00
2533,2343,2016-01-21 22:17:00,2016-01-22 10:17:00
2062,3748,2016-01-27 21:01:00,2016-01-28 09:01:00
3505,3138,2016-05-28 20:59:00,2016-05-29 08:59:00
2389,1704,2016-03-02 23:42:00,2016-03-03 11:42:00
1820,323,2016-04-06 01:01:00,2016-04-06 13:01:00
3605,481,2016-03-26 09:10:00,2016-03-26 21:10:00
2153,3354,2016-04-05 16:58:00,2016-04-06 04:58:00
238,3349,2016-05-25 13:59:00,2016-05-26 01:59:00
2145,89,2016-03-14 15:33:00,2016-03-15 03:33:00
257,3359,2016-02-12 07:12:00,2016-02-12 19:12:00
3612,3748,2016-03-17 22:21:00,2016-03-18 10:21:00
323,2852,2016-02-07 16:03:00,2016-02-08 04:03:00
2881,1820,2016-01-24 00:18:00,2016-01-24 12:18:00
2881,3748,2016-05-15 11:00:00,2016-05-15 23:00:00
2674,678,2016-01-02 02:53:00,2016-01-02 14:53:00
238,2389,2016-05-14 10:53:00,2016-05-14 22:53:00
3834,4063,2016-05-06 02:39:00,2016-05-06 14:39:00
3618,3370,2016-05-25 05:35:00,2016-05-25 17:35:00
2674,1034,2016-02-20 02:50:00,2016-02-20 14:50:00
3359,3748,2016-04-15 16:01:00,2016-04-16 04:01:00
2671,1704,2016-03-24 18:52:00,2016-03-25 06:52:00
4573,481,2016-02-03 01:23:00,2016-02-03 13:23:00
3354,481,2016-02-18 14:26:00,2016-02-19 02:26:00
3618,2674,2016-04-28 19:21:00,2016-04-29 07:21:00
274,3013,2016-05-12 22:49:00,2016-05-13 10:49:00
2389,4349,2016-04-21 00:57:00,2016-04-21 12:57:00
711,1525,2016-03-01 04:14:00,2016-03-01 16:14:00
4573,481,2016-04-05 12:48:00,2016-04-06 00:48:00
3921,3359,2016-04-13 07:28:00,2016-04-13 19:28:00
1061,257,2016-04-22 13:10:00,2016-04-23 01:10:00
2881,4067,2016-01-27 01:14:00,2016-01-27 13:14:00
3471,3605,2016-01-15 19:42:00,2016-01-16 07:42:00
3138,2062,2016-05-04 12:21:00,2016-05-05 00:21:00
2655,1131,2016-01-27 14:45:00,2016-01-28 02:45:00
3834,2459,2016-02-27 06:12:00,2016-02-27 18:12:00
2655,3138,2016-04-20 22:54:00,2016-04-21 10:54:00
84,2062,2016-02-12 08:04:00,2016-02-12 20:04:00
2058,448,2016-01-07 03:00:00,2016-01-07 15:00:00
3297,257,2016-05-26 11:07:00,2016-05-26 23:07:00
238,1383,2016-05-10 09:52:00,2016-05-10 21:52:00
2058,3921,2016-04-09 06:50:00,2016-04-09 18:50:00
3649,2674,2016-04-15 16:12:00,2016-04-16 04:12:00
89,481,2016-03-21 04:26:00,2016-03-21 16:26:00
448,89,2016-03-02 17:46:00,2016-03-03 05:46:00
2145,2324,2016-05-15 06:53:00,2016-05-15 18:53:00
1131,1029,2016-02-18 10:14:00,2016-02-18 22:14:00
702,3898,2016-03-01 20:52:00,2016-03-02 08:52:00
3253,1820,2016-03-12 18:58:00,2016-03-13 06:58:00
2459,2674,2016-05-04 00:12:00,2016-05-04 12:12:00
3138,2058,2016-05-12 07:48:00,2016-05-12 19:48:00
4471,4471,2016-03-16 03:07:00,2016-03-16 15:07:00
715,4063,2016-03-09 10:07:00,2016-03-09 22:07:00
3618,4067,2016-01-28 23:35:00,2016-01-29 11:35:00
3471,2145,2016-04-18 04:30:00,2016-04-18 16:30:00
2238,2778,2016-05-13 17:45:00,2016-05-14 05:45:00
274,3612,2016-04-01 04:58:00,2016-04-01 16:58:00
2153,2852,2016-03-06 10:33:00,2016-03-06 22:33:00
2657,84,2016-01-06 09:38:00,2016-01-06 21:38:00
3349,3370,2016-03-07 05:30:00,2016-03-07 17:30:00
3339,2153,2016-04-04 21:41:00,2016-04-05 09:41:00
323,3505,2016-02-08 06:21:00,2016-02-08 18:21:00
84,4092,2016-05-04 23:29:00,2016-05-05 11:29:00
4471,3297,2016-04-11 09:45:00,2016-04-11 21:45:00
1820,2671,2016-02-04 01:45:00,2016-02-04 13:45:00
1061,2852,2016-03-24 11:26:00,2016-03-24 23:26:00
2877,3138,2016-03-08 21:26:00,2016-03-09 09:26:00
1820,3921,2016-04-27 14:06:00,2016-04-28 02:06:00
2881,84,2016-03-02 17:02:00,2016-03-03 05:02:00
2238,527,2016-04-26 18:43:00,2016-04-27 06:43:00
3649,3898,2016-05-28 12:08:00,2016-05-29 00:08:00
3471,2238,2016-01-04 16:26:00,2016-01-05 04:26:00
3505,3898,2016-05-25 20:27:00,2016-05-26 08:27:00
4471,257,2016-03-15 12:42:00,2016-03-16 00:42:00
1131,448,2016-04-08 07:17:00,2016-04-08 19:17:00
678,238,2016-02-09 19:41:00,2016-02-10 07:41:00
3921,4067,2016-03-20 21:39:00,2016-03-21 09:39:00
2544,3297,2016-05-04 09:58:00,2016-05-04 21:58:00
2657,3253,2016-05-15 12:57:00,2016-05-16 00:57:00
2544,2852,2016-02-03 01:36:00,2016-02-03 13:36:00
2674,274,2016-05-18 06:30:00,2016-05-18 18:30:00
4067,2058,2016-03-18 18:58:00,2016-03-19 06:58:00
3605,2062,2016-04-17 20:23:00,2016-04-18 08:23:00
3898,2153,2016-03-15 15:17:00,2016-03-16 03:17:00
3370,4092,2016-04-22 10:41:00,2016-04-22 22:41:00
4173,3505,2016-02-06 15:44:00,2016-02-07 03:44:00
257,84,2016-02-09 19:13:00,2016-02-10 07:13:00
3138,2153,2016-05-24 18:22:00,2016-05-25 06:22:00
3898,3354,2016-03-18 03:44:00,2016-03-18 15:44:00
3339,3013,2016-02-14 10:15:00,2016-02-14 22:15:00
2533,1131,2016-02-04 12:00:00,2016-02-05 00:00:00
448,2238,2016-02-01 03:45:00,2016-02-01 15:45:00
274,4349,2016-05-04 00:29:00,2016-05-04 12:29:00
2671,2881,2016-01-21 21:44:00,2016-01-22 09:44:00
2674,4063,2016-03-14 20:24:00,2016-03-15 08:24:00
3354,2657,2016-02-10 07:07:00,2016-02-10 19:07:00
2533,3349,2016-03-18 22:53:00,2016-03-19 10:53:00
1131,678,2016-03-09 05:01:00,2016-03-09 17:01:00
1820,4173,2016-04-05 00:58:00,2016-04-05 12:58:00
1525,2533,2016-01-21 20:43:00,2016-01-22 08:43:00
3349,3505,2016-01-26 20:59:00,2016-01-27 08:59:00
1525,2466,2016-05-26 00:47:00,2016-05-26 12:47:00
2427,2877,2016-01-23 11:15:00,2016-01-23 23:15:00
3354,4471,2016-02-06 23:25:00,2016-02-07 11:25:00
4063,4067,2016-05-22 20:27:00,2016-05-23 08:27:00
1079,2655,2016-05-07 04:53:00,2016-05-07 16:53:00
2881,2466,2016-03-14 05:29:00,2016-03-14 17:29:00
3921,1061,2016-02-28 17:23:00,2016-02-29 05:23:00
678,2671,2016-04-13 03:26:00,2016-04-13 15:26:00
4573,702,2016-02-09 09:12:00,2016-02-09 21:12:00
4173,2058,2016-03-21 02:11:00,2016-03-21 14:11:00
678,3370,2016-02-14 23:51:00,2016-02-15 11:51:00
2877,3471,2016-01-03 18:20:00,2016-01-04 06:20:00
89,2655,2016-02-25 06:00:00,2016-02-25 18:00:00
2324,2655,2016-02-10 15:42:00,2016-02-11 03:42:00
4173,1525,2016-04-21 08:56:00,2016-04-21 20:56:00
2852,4092,2016-01-28 10:05:00,2016-01-28 22:05:00
3898,2343,2016-03-09 07:08:00,2016-03-09 19:08:00
702,3618,2016-01-08 18:39:00,2016-01-09 06:39:00
3649,1131,2016-04-01 04:31:00,2016-04-01 16:31:00
3605,2324,2016-03-13 22:59:00,2016-03-14 10:59:00
2655,3649,2016-01-24 15:49:00,2016-01-25 03:49:00
2671,257,2016-04-18 20:04:00,2016-04-19 08:04:00
4349,2145,2016-02-11 12:44:00,2016-02-12 00:44:00
3138,1034,2016-01-07 04:57:00,2016-01-07 16:57:00
4573,2877,2016-01-02 21:26:00,2016-01-03 09:26:00
3253,715,2016-04-17 00:34:00,2016-04-17 12:34:00
2657,2881,2016-05-14 14:11:00,2016-05-15 02:11:00
2674,1061,2016-05-14 11:38:00,2016-05-14 23:38:00
1131,715,2016-01-16 22:32:00,2016-01-17 10:32:00
702,1034,2016-03-22 12:56:00,2016-03-23 00:56:00
1034,3748,2016-02-11 10:35:00,2016-02-11 22:35:00
3349,2544,2016-05-11 17:13:00,2016-05-12 05:13:00
3612,2062,2016-03-19 15:26:00,2016-03-20 03:26:00
323,3359,2016-05-22 05:52:00,2016-05-22 17:52:00
2062,711,2016-02-24 18:47:00,2016-02-25 06:47:00
1061,1079,2016-05-07 06:50:00,2016-05-07 18:50:00
711,702,2016-03-09 16:06:00,2016-03-10 04:06:00
2389,2343,2016-05-20 23:51:00,2016-05-21 11:51:00
3898,323,2016-05-12 06:10:00,2016-05-12 18:10:00
2466,2533,2016-03-18 14:31:00,2016-03-19 02:31:00
89,2674,2016-01-25 23:54:00,2016-01-26 11:54:00
3471,2671,2016-04-08 07:29:00,2016-04-08 19:29:00
711,1820,2016-03-24 03:40:00,2016-03-24 15:40:00
3505,4067,2016-01-02 23:50:00,2016-01-03 11:50:00
2389,4092,2016-01-23 12:01:00,2016-01-24 00:01:00
3649,2459,2016-01-20 07:17:00,2016-01-20 19:17:00
1083,84,2016-04-23 06:59:00,2016-04-23 18:59:00
4067,2145,2016-01-03 21:07:00,2016-01-04 09:07:00
2852,1704,2016-02-02 08:40:00,2016-02-02 20:40:00
3618,3359,2016-04-25 09:33:00,2016-04-25 21:33:00
3138,257,2016-03-02 16:47:00,2016-03-03 04:47:00
711,3921,2016-04-02 06:25:00,2016-04-02 18:25:00
84,2657,2016-05-25 13:13:00,2016-05-26 01:13:00
1079,2062,2016-04-27 09:42:00,2016-04-27 21:42:00
3297,3297,2016-02-12 12:56:00,2016-02-13 00:56:00
3253,3297,2016-02-18 00:33:00,2016-02-18 12:33:00
711,3253,2016-01-17 20:20:00,2016-01-18 08:20:00
3370,1131,2016-01-05 16:46:00,2016-01-06 04:46:00
2778,274,2016-01-23 18:53:00,2016-01-24 06:53:00
3138,3297,2016-03-03 06:18:00,2016-03-03 18:18:00
1079,2062,2016-04-13 05:51:00,2016-04-13 17:51:00
1383,2778,2016-04-10 14:16:00,2016-04-11 02:16:00
4173,2881,2016-04-24 16:05:00,2016-04-25 04:05:00
2881,2655,2016-03-05 23:13:00,2016-03-06 11:13:00
4573,2153,2016-02-02 17:21:00,2016-02-03 05:21:00
323,238,2016-03-12 06:09:00,2016-03-12 18:09:00
1525,2657,2016-05-08 04:30:00,2016-05-08 16:30:00
1083,3618,2016-05-19 15:04:00,2016-05-20 03:04:00
481,678,2016-02-05 01:08:00,2016-02-05 13:08:00
2343,4067,2016-02-02 19:47:00,2016-02-03 07:47:00
2778,89,2016-04-09 02:18:00,2016-04-09 14:18:00
4349,3748,2016-05-09 00:48:00,2016-05-09 12:48:00
2657,2533,2016-05-02 09:26:00,2016-05-02 21:26:00
1083,84,2016-04-15 22:39:00,2016-04-16 10:39:00
2238,2062,2016-02-28 04:12:00,2016-02-28 16:12:00
4573,678,2016-05-07 04:41:00,2016-05-07 16:41:00
678,2533,2016-02-19 05:03:00,2016-02-19 17:03:00
2852,2153,2016-05-19 10:39:00,2016-05-19 22:39:00
4471,2852,2016-02-07 17:03:00,2016-02-08 05:03:00
3359,89,2016-01-14 18:40:00,2016-01-15 06:40:00
3370,678,2016-03-04 03:24:00,2016-03-04 15:24:00
3354,274,2016-03-26 11:47:00,2016-03-26 23:47:00
84,3505,2016-01-19 13:59:00,2016-01-20 01:59:00
3349,2881,2016-05-19 03:43:00,2016-05-19 15:43:00
1083,702,2016-02-05 05:31:00,2016-02-05 17:31:00
4067,2877,2016-01-11 09:28:00,2016-01-11 21:28:00
2877,4349,2016-01-28 14:08:00,2016-01-29 02:08:00
3748,2655,2016-04-22 12:00:00,2016-04-23 00:00:00
2153,711,2016-02-25 03:53:00,2016-02-25 15:53:00
1383,2877,2016-01-26 06:37:00,2016-01-26 18:37:00
238,1820,2016-03-20 09:50:00,2016-03-20 21:50:00
3834,711,2016-03-20 22:29:00,2016-03-21 10:29:00
3921,3349,2016-02-20 22:05:00,2016-02-21 10:05:00
2324,3349,2016-03-20 11:17:00,2016-03-20 23:17:00
715,2058,2016-04-23 04:51:00,2016-04-23 16:51:00
2145,678,2016-01-21 11:50:00,2016-01-21 23:50:00
2657,3339,2016-03-23 04:33:00,2016-03-23 16:33:00
4067,715,2016-05-09 02:51:00,2016-05-09 14:51:00
2674,4067,2016-03-17 02:24:00,2016-03-17 14:24:00
3605,2238,2016-03-16 04:21:00,2016-03-16 16:21:00
2343,2655,2016-03-15 04:46:00,2016-03-15 16:46:00
711,4063,2016-05-24 12:46:00,2016-05-25 00:46:00
3370,2153,2016-05-22 18:53:00,2016-05-23 06:53:00
1525,3013,2016-01-13 18:24:00,2016-01-14 06:24:00
3748,527,2016-03-10 01:50:00,2016-03-10 13:50:00
3349,274,2016-03-05 06:29:00,2016-03-05 18:29:00
3359,2427,2016-05-19 10:03:00,2016-05-19 22:03:00
2324,3612,2016-02-14 23:01:00,2016-02-15 11:01:00
2062,4349,2016-03-03 01:14:00,2016-03-03 13:14:00
3748,3471,2016-05-10 19:32:00,2016-05-11 07:32:00
3370,274,2016-03-17 18:53:00,2016-03-18 06:53:00
1061,3349,2016-02-01 00:38:00,2016-02-01 12:38:00
4349,2466,2016-02-23 21:21:00,2016-02-24 09:21:00
1029,4092,2016-01-28 19:07:00,2016-01-29 07:07:00
1034,2533,2016-02-25 05:00:00,2016-02-25 17:00:00
2674,4173,2016-03-05 05:52:00,2016-03-05 17:52:00
2877,2466,2016-02-23 21:12:00,2016-02-24 09:12:00
1383,84,2016-01-13 22:28:00,2016-01-14 10:28:00
3349,3618,2016-05-22 09:43:00,2016-05-22 21:43:00
2852,84,2016-03-09 14:41:00,2016-03-10 02:41:00
3349,2778,2016-03-04 15:08:00,2016-03-05 03:08:00
3359,3612,2016-02-18 18:18:00,2016-02-19 06:18:00
2238,527,2016-03-19 10:41:00,2016-03-19 22:41:00
1820,2778,2016-01-03 11:22:00,2016-01-03 23:22:00
4092,1029,2016-04-01 01:50:00,2016-04-01 13:50:00
2544,3359,2016-05-27 16:48:00,2016-05-28 04:48:00
1061,2881,2016-05-27 20:48:00,2016-05-28 08:48:00
3297,702,2016-04-01 22:36:00,2016-04-02 10:36:00
257,3921,2016-03-23 09:31:00,2016-03-23 21:31:00
2881,3505,2016-02-10 11:53:00,2016-02-10 23:53:00
2389,3349,2016-05-07 05:20:00,2016-05-07 17:20:00
2459,448,2016-01-04 10:36:00,2016-01-04 22:36:00
323,3349,2016-04-08 10:33:00,2016-04-08 22:33:00
711,4349,2016-05-23 10:15:00,2016-05-23 22:15:00
2544,481,2016-01-23 16:21:00,2016-01-24 04:21:00
4471,1131,2016-03-06 20:17:00,2016-03-07 08:17:00
4067,238,2016-04-02 22:49:00,2016-04-03 10:49:00
2459,3649,2016-04-16 06:48:00,2016-04-16 18:48:00
1083,481,2016-04-18 02:11:00,2016-04-18 14:11:00
238,1029,2016-03-06 12:53:00,2016-03-07 00:53:00
2877,2058,2016-03-27 20:16:00,2016-03-28 08:16:00
1820,1034,2016-05-25 19:32:00,2016-05-26 07:32:00
3748,3748,2016-05-24 21:20:00,2016-05-25 09:20:00
3349,2466,2016-04-19 22:39:00,2016-04-20 10:39:00
2544,4063,2016-04-11 16:23:00,2016-04-12 04:23:00
3354,1029,2016-02-12 11:03:00,2016-02-12 23:03:00
4349,3748,2016-05-13 04:48:00,2016-05-13 16:48:00
4173,2389,2016-05-16 15:52:00,2016-05-17 03:52:00
3359,711,2016-02-26 08:22:00,2016-02-26 20:22:00
1820,1383,2016-03-02 17:32:00,2016-03-03 05:32:00
2852,2544,2016-04-25 04:47:00,2016-04-25 16:47:00
4471,527,2016-01-28 12:58:00,2016-01-29 00:58:00
3339,3370,2016-02-27 21:44:00,2016-02-28 09:44:00
3013,1079,2016-01-01 12:15:00,2016-01-02 00:15:00
4173,3748,2016-03-07 11:29:00,2016-03-07 23:29:00
2881,2852,2016-03-23 00:54:00,2016-03-23 12:54:00
702,2655,2016-02-11 23:39:00,2016-02-12 11:39:00
3253,1029,2016-05-26 07:36:00,2016-05-26 19:36:00
2657,2145,2016-05-09 00:23:00,2016-05-09 12:23:00
1034,1704,2016-02-05 19:18:00,2016-02-06 07:18:00
3297,2778,2016-03-01 03:49:00,2016-03-01 15:49:00
702,527,2016-03-04 21:24:00,2016-03-05 09:24:00
1083,84,2016-01-11 05:28:00,2016-01-11 17:28:00
1034,84,2016-05-21 09:58:00,2016-05-21 21:58:00
4349,1704,2016-04-24 17:01:00,2016-04-25 05:01:00
1083,2881,2016-03-11 20:29:00,2016-03-12 08:29:00
2877,3297,2016-03-04 03:54:00,2016-03-04 15:54:00
3359,3505,2016-02-08 07:04:00,2016-02-08 19:04:00
3370,4092,2016-04-23 10:00:00,2016-04-23 22:00:00
3471,257,2016-01-03 08:36:00,2016-01-03 20:36:00
1525,3612,2016-04-25 00:49:00,2016-04-25 12:49:00
4092,3339,2016-01-11 03:33:00,2016-01-11 15:33:00
2343,2881,2016-04-08 17:22:00,2016-04-09 05:22:00
4063,1820,2016-03-20 22:50:00,2016-03-21 10:50:00
678,2778,2016-02-28 00:57:00,2016-02-28 12:57:00
3505,448,2016-01-02 15:55:00,2016-01-03 03:55:00
2058,2389,2016-01-25 05:24:00,2016-01-25 17:24:00
678,3471,2016-04-17 19:35:00,2016-04-18 07:35:00
84,3612,2016-05-14 14:15:00,2016-05-15 02:15:00
1131,1525,2016-02-22 00:08:00,2016-02-22 12:08:00
2655,2062,2016-04-28 23:24:00,2016-04-29 11:24:00
3605,2674,2016-02-27 08:14:00,2016-02-27 20:14:00
3354,3349,2016-04-22 20:20:00,2016-04-23 08:20:00
3349,1704,2016-02-11 13:04:00,2016-02-12 01:04:00
1034,2674,2016-01-17 00:11:00,2016-01-17 12:11:00
1704,1131,2016-03-11 08:43:00,2016-03-11 20:43:00
4471,2238,2016-01-11 03:49:00,2016-01-11 15:49:00
3748,1034,2016-01-04 07:38:00,2016-01-04 19:38:00
4067,2389,2016-05-19 20:39:00,2016-05-20 08:39:00
702,1525,2016-01-18 00:36:00,2016-01-18 12:36:00
2544,3138,2016-03-18 02:36:00,2016-03-18 14:36:00
84,702,2016-03-26 19:17:00,2016-03-27 07:17:00
4067,2389,2016-03-17 05:27:00,2016-03-17 17:27:00
238,3649,2016-01-14 08:22:00,2016-01-14 20:22:00
2778,2674,2016-01-05 12:00:00,2016-01-06 00:00:00
2778,481,2016-02-17 12:33:00,2016-02-18 00:33:00
1079,3253,2016-05-18 01:06:00,2016-05-18 13:06:00
702,2324,2016-01-02 20:47:00,2016-01-03 08:47:00
481,89,2016-03-16 04:10:00,2016-03-16 16:10:00
4067,715,2016-02-01 02:24:00,2016-02-01 14:24:00
1704,2466,2016-02-11 15:38:00,2016-02-12 03:38:00
84,3138,2016-03-17 22:17:00,2016-03-18 10:17:00
2671,2852,2016-02-01 16:59:00,2016-02-02 04:59:00
2852,1383,2016-01-27 06:38:00,2016-01-27 18:38:00
3339,2466,2016-04-05 13:43:00,2016-04-06 01:43:00
1820,3921,2016-03-12 17:13:00,2016-03-13 05:13:00
3921,1083,2016-04-28 18:05:00,2016-04-29 06:05:00
4063,1083,2016-01-27 22:50:00,2016-01-28 10:50:00
3339,2466,2016-01-11 10:11:00,2016-01-11 22:11:00
1525,2881,2016-01-20 03:46:00,2016-01-20 15:46:00
2459,3253,2016-02-10 19:22:00,2016-02-11 07:22:00
2655,3354,2016-04-13 07:49:00,2016-04-13 19:49:00
4063,2674,2016-01-08 11:39:00,2016-01-08 23:39:00
2674,89,2016-01-26 16:14:00,2016-01-27 04:14:00
3013,3834,2016-02-02 17:30:00,2016-02-03 05:30:00
1079,527,2016-03-09 02:04:00,2016-03-09 14:04:00
4471,1704,2016-02-07 01:29:00,2016-02-07 13:29:00
2657,2145,2016-03-14 04:48:00,2016-03-14 16:48:00
2466,3359,2016-02-01 06:58:00,2016-02-01 18:58:00
2657,4349,2016-02-08 08:15:00,2016-02-08 20:15:00
1383,1383,2016-05-01 14:41:00,2016-05-02 02:41:00
1083,4173,2016-03-11 04:02:00,2016-03-11 16:02:00
2058,3618,2016-02-08 02:30:00,2016-02-08 14:30:00
1131,3649,2016-04-04 15:35:00,2016-04-05 03:35:00
448,3138,2016-01-16 09:20:00,2016-01-16 21:20:00
3370,3649,2016-05-01 04:17:00,2016-05-01 16:17:00
2324,2058,2016-01-25 00:31:00,2016-01-25 12:31:00
4173,2153,2016-04-22 21:41:00,2016-04-23 09:41:00
2655,2324,2016-02-07 15:32:00,2016-02-08 03:32:00
2657,1131,2016-03-25 12:52:00,2016-03-26 00:52:00
2389,715,2016-02-25 02:00:00,2016-02-25 14:00:00
481,3354,2016-05-22 21:16:00,2016-05-23 09:16:00
2145,3253,2016-05-20 15:42:00,2016-05-21 03:42:00
1029,2877,2016-04-05 17:21:00,2016-04-06 05:21:00
702,3339,2016-02-19 17:57:00,2016-02-20 05:57:00
2238,3349,2016-02-08 18:44:00,2016-02-09 06:44:00
3349,702,2016-03-10 23:45:00,2016-03-11 11:45:00
1034,4173,2016-03-14 17:18:00,2016-03-15 05:18:00
2466,2544,2016-05-03 01:04:00,2016-05-03 13:04:00
3370,2343,2016-02-06 01:26:00,2016-02-06 13:26:00
3253,1525,2016-02-01 14:52:00,2016-02-02 02:52:00
84,3921,2016-01-15 22:26:00,2016-01-16 10:26:00
2881,2655,2016-03-23 15:08:00,2016-03-24 03:08:00
2062,481,2016-02-27 04:10:00,2016-02-27 16:10:00
3898,3349,2016-04-11 12:01:00,2016-04-12 00:01:00
2674,2062,2016-03-10 22:10:00,2016-03-11 10:10:00
3013,3921,2016-05-27 09:24:00,2016-05-27 21:24:00
3898,4573,2016-01-15 08:52:00,2016-01-15 20:52:00
89,2674,2016-04-05 21:29:00,2016-04-06 09:29:00
1820,2058,2016-04-18 16:05:00,2016-04-19 04:05:00
4063,2238,2016-02-20 22:26:00,2016-02-21 10:26:00
274,3649,2016-01-28 16:07:00,2016-01-29 04:07:00
274,84,2016-02-06 22:19:00,2016-02-07 10:19:00
2324,257,2016-05-25 16:31:00,2016-05-26 04:31:00
3339,3013,2016-05-06 02:09:00,2016-05-06 14:09:00
4063,2324,2016-01-07 12:55:00,2016-01-08 00:55:00
3013,3370,2016-04-21 02:00:00,2016-04-21 14:00:00
2145,3898,2016-01-16 04:15:00,2016-01-16 16:15:00
481,2062,2016-05-03 23:35:00,2016-05-04 11:35:00
2544,3354,2016-02-20 17:34:00,2016-02-21 05:34:00
2238,715,2016-02-12 13:27:00,2016-02-13 01:27:00
3138,4573,2016-02-11 16:46:00,2016-02-12 04:46:00
238,3605,2016-03-15 02:14:00,2016-03-15 14:14:00
2324,3253,2016-05-12 02:22:00,2016-05-12 14:22:00
481,702,2016-04-12 19:49:00,2016-04-13 07:49:00
3349,1131,2016-04-18 10:35:00,2016-04-18 22:35:00
274,3618,2016-02-05 11:01:00,2016-02-05 23:01:00
3471,1525,2016-04-15 23:15:00,2016-04-16 11:15:00
3505,3349,2016-05-03 05:14:00,2016-05-03 17:14:00
2877,3605,2016-01-10 01:26:00,2016-01-10 13:26:00
4573,3013,2016-05-11 13:05:00,2016-05-12 01:05:00
3013,527,2016-01-24 16:07:00,2016-01-25 04:07:00
3471,2459,2016-02-06 21:03:00,2016-02-07 09:03:00
702,2343,2016-05-16 23:43:00,2016-05-17 11:43:00
711,1079,2016-04-25 12:51:00,2016-04-26 00:51:00
3618,2657,2016-04-02 15:53:00,2016-04-03 03:53:00
2153,3370,2016-02-03 18:25:00,2016-02-04 06:25:00
3898,4063,2016-04-13 19:00:00,2016-04-14 07:00:00
2881,2427,2016-01-04 10:59:00,2016-01-04 22:59:00
1083,2877,2016-03-22 23:57:00,2016-03-23 11:57:00
3471,4349,2016-05-02 00:38:00,2016-05-02 12:38:00
2466,89,2016-04-06 10:13:00,2016-04-06 22:13:00
1034,3612,2016-05-17 22:05:00,2016-05-18 10:05:00
3013,1079,2016-03-17 05:58:00,2016-03-17 17:58:00
1525,238,2016-02-16 04:40:00,2016-02-16 16:40:00
3354,1061,2016-05-26 03:27:00,2016-05-26 15:27:00
3013,1383,2016-01-06 02:42:00,2016-01-06 14:42:00
3359,3013,2016-05-12 01:25:00,2016-05-12 13:25:00
1820,4092,2016-01-24 11:54:00,2016-01-24 23:54:00
1083,2655,2016-04-28 13:35:00,2016-04-29 01:35:00
238,238,2016-01-25 08:26:00,2016-01-25 20:26:00
715,1525,2016-05-11 20:54:00,2016-05-12 08:54:00
2778,2145,2016-03-15 11:58:00,2016-03-15 23:58:00
2324,1704,2016-01-10 03:12:00,2016-01-10 15:12:00
4173,3612,2016-02-10 01:15:00,2016-02-10 13:15:00
2145,2058,2016-05-17 13:14:00,2016-05-18 01:14:00
84,3013,2016-01-27 11:30:00,2016-01-27 23:30:00
715,3339,2016-02-15 20:11:00,2016-02-16 08:11:00
3013,2324,2016-04-05 17:54:00,2016-04-06 05:54:00
2877,715,2016-05-01 19:20:00,2016-05-02 07:20:00
4067,3618,2016-01-01 22:03:00,2016-01-02 10:03:00
3649,3748,2016-03-16 15:51:00,2016-03-17 03:51:00
4573,2533,2016-05-23 06:12:00,2016-05-23 18:12:00
3612,3359,2016-02-08 12:02:00,2016-02-09 00:02:00
2145,3138,2016-01-06 06:01:00,2016-01-06 18:01:00
1525,1525,2016-04-22 04:00:00,2016-04-22 16:00:00
711,1820,2016-02-15 18:48:00,2016-02-16 06:48:00
3138,702,2016-05-12 19:11:00,2016-05-13 07:11:00
4063,238,2016-05-08 05:40:00,2016-05-08 17:40:00
84,448,2016-02-15 12:39:00,2016-02-16 00:39:00
1820,3649,2016-01-10 16:29:00,2016-01-11 04:29:00
2238,3253,2016-04-15 23:00:00,2016-04-16 11:00:00
527,2852,2016-04-28 19:29:00,2016-04-29 07:29:00
